"n","algorithm","missingness","perc_missing","time","precision","recall","f1","shd","time_sd","precision_sd","recall_sd","f1_sd","shd_sd"
1000,"EM","MAR",0.1,1.95380000000005,0.679199004426946,0.789541229972264,0.72850141514465,0.476034042327146,0.101874432513931,0.17872477229171,0.152012912111436,0.166565186107086,0.268235786727973
1000,"EM","MAR",0.2,2.57149999999892,0.679182514383717,0.829253207184242,0.743810290044799,0.497600893980204,0.140264234771543,0.177000826120026,0.149310006113662,0.163710960020627,0.325221342272382
1000,"EM","MAR",0.3,2.84350000000195,0.658337703298374,0.804344634861876,0.721408758974822,0.517428213548903,0.0903096524921837,0.155534664025576,0.162078290167688,0.153341900998695,0.274917912978095
1000,"EM","MAR",0.4,3.04879999999976,0.625089166805452,0.77134517651759,0.686506655630991,0.618170712481057,0.12412520560601,0.201839616643465,0.154289264266223,0.183673026484392,0.401323829929102
1000,"EM","MAR",0.5,3.1803000000029,0.598546872327267,0.795307210652038,0.680545242250357,0.649328985966917,0.105459892325877,0.128242741272228,0.10134516487068,0.119180575864988,0.291503868565854
1000,"EM","MCAR",0.1,1.9332000000024,0.691669913660904,0.818294191052812,0.746758324678229,0.462324316203627,0.0925680530431367,0.200077813171812,0.161572472506457,0.183823678126921,0.325456113324967
1000,"EM","MCAR",0.2,2.67840000000069,0.637999392421535,0.782343565102186,0.69986861905963,0.566894868619007,0.12643065732397,0.198659254811844,0.17677269418769,0.190807731875185,0.393770436425718
1000,"EM","MCAR",0.3,2.94549999999872,0.651949315395436,0.812713822886237,0.722238818127621,0.513962430341741,0.12004929542957,0.145579150020429,0.143819662959647,0.14370786804047,0.257773225609267
1000,"EM","MCAR",0.4,3.09320000000007,0.623606492910311,0.797110502369123,0.697706479689296,0.586653655446759,0.140959253372915,0.168551368311576,0.159695872193708,0.164795037195723,0.297312435587026
1000,"EM","MCAR",0.5,3.20259999999689,0.579459349265591,0.777915853174474,0.659173505272357,0.711315172349655,0.133291826873235,0.148200154798812,0.0986693665325237,0.122136239239504,0.276641979516141
1000,"EM","MNAR",0.1,1.88850000000093,0.706544791256258,0.809787720304962,0.751155704826155,0.441848295382778,0.0666370767650914,0.200773124635477,0.146395426280021,0.173962777753987,0.295510446165184
1000,"EM","MNAR",0.2,2.55879999999888,0.671859184194069,0.810686058789507,0.731055517749646,0.480135528497597,0.126511132579476,0.176082281014882,0.142671480501014,0.157114352851518,0.282494921873339
1000,"EM","MNAR",0.3,2.8794000000009,0.613869705656292,0.795244593348042,0.689910002808414,0.621055879504155,0.118168617754327,0.137357831233742,0.116379621073883,0.126537069358228,0.296550196927256
1000,"EM","MNAR",0.4,3.03789999999863,0.61179307332219,0.805862456379698,0.694113654101985,0.621774472550335,0.0982055101401079,0.174038926000105,0.186307663345662,0.180820233012316,0.375610128831953
1000,"EM","MNAR",0.5,3.22210000000341,0.550219726191019,0.759400479917721,0.633956798365421,0.742178486057796,0.187048092451187,0.155811327063649,0.102524476620167,0.139183509154136,0.317498047033262
1000,"EM","oracle",0.1,0.0620000000002619,0.741316731387941,0.82736545529649,0.779425339976741,0.372448608655505,0.0186010752386159,0.212931218139412,0.172199019289451,0.193154056069331,0.31514548567229
1000,"EM","oracle",0.2,0.056799999998475,0.741316731387941,0.82736545529649,0.779425339976741,0.372448608655505,0.0141876315482506,0.212931218139412,0.172199019289451,0.193154056069331,0.31514548567229
1000,"EM","oracle",0.3,0.0645999999986088,0.741316731387941,0.82736545529649,0.779425339976741,0.372448608655505,0.0183738945258047,0.212931218139412,0.172199019289451,0.193154056069331,0.31514548567229
1000,"EM","oracle",0.4,0.0565999999998894,0.741316731387941,0.82736545529649,0.779425339976741,0.372448608655505,0.0155863187863199,0.212931218139412,0.172199019289451,0.193154056069331,0.31514548567229
1000,"EM","oracle",0.5,0.0655000000013388,0.741316731387941,0.82736545529649,0.779425339976741,0.372448608655505,0.014339146108331,0.212931218139412,0.172199019289451,0.193154056069331,0.31514548567229
1000,"FCI","MAR",0.1,20.6314000000006,0.561349983286482,0.804005631936666,0.659861190641263,0.77471293514397,42.7912109361009,0.0302962300590254,0.0933135262043358,0.0482286981026361,0.0706625928833483
1000,"FCI","MAR",0.2,69.973000000001,0.552723866712997,0.803211831142866,0.652927699085999,0.788270661201696,62.2574515593654,0.0289086206682351,0.0857648713632623,0.0379322888275583,0.0610787342988138
1000,"FCI","MAR",0.3,101.912499999999,0.557563533889621,0.775049287980322,0.646165342217012,0.784779615124443,192.644932269043,0.0360804354296717,0.0972738398662188,0.0466015488326257,0.072231665317467
1000,"FCI","MAR",0.4,187.845499999998,0.554427766275592,0.791606826951655,0.650401851191364,0.786872614803649,215.891862031408,0.0315489637101627,0.0825937799074844,0.0379012337159997,0.0660641868911926
1000,"FCI","MAR",0.5,257.602499999998,0.532179105918236,0.781469394228015,0.629792522314437,0.822100187272601,225.936860940419,0.0451288309361344,0.09233484591637,0.0395862604770458,0.0849947963491672
1000,"FCI","MCAR",0.1,18.9452999999987,0.565817750623815,0.801129769060804,0.661446084974687,0.770642456073491,17.3616838024306,0.030685968310836,0.0921891985569538,0.0431696874993807,0.0704506585747753
1000,"FCI","MCAR",0.2,90.9859999999986,0.558791341508733,0.797544280302901,0.655509166610369,0.780378195895437,169.744926252434,0.0312178321717365,0.0840730452267588,0.0392416234789554,0.0651411982026054
1000,"FCI","MCAR",0.3,78.9840999999993,0.556456499153868,0.79275929827654,0.652097396032086,0.785552118483153,127.660989092595,0.0371903043694757,0.0770487773703326,0.0385660703550828,0.070655607721518
1000,"FCI","MCAR",0.4,209.1324,0.533795482295482,0.79156303932166,0.635991754445158,0.814769672700707,252.42413726733,0.0384613741350722,0.0872765162215546,0.0457701410809911,0.0751205190955411
1000,"FCI","MCAR",0.5,161.5899,0.545560470930036,0.744009839440874,0.625640072791907,0.803828114259149,118.135695313526,0.0389232387089402,0.113358471952948,0.0466060844315946,0.0652363739856933
1000,"FCI","MNAR",0.1,83.9055000000008,0.557215832413201,0.796921859852894,0.654754094025268,0.782028952459987,189.357607026287,0.0330976510856828,0.0761620940626319,0.0416430657817322,0.072288315693617
1000,"FCI","MNAR",0.2,60.229300000002,0.554135132982959,0.789540212298833,0.649516595415749,0.786473211990453,87.543403066454,0.0278151062259734,0.0909937052637235,0.0416585694935477,0.0622435110147046
1000,"FCI","MNAR",0.3,76.8359999999986,0.557348586196412,0.792797198142026,0.65300209989436,0.7829264584437,84.9446912866118,0.0373775181314311,0.0838062437249037,0.0433546631403513,0.0714986379808334
1000,"FCI","MNAR",0.4,198.092399999999,0.55155878903705,0.774862170293205,0.641477864044333,0.79578861880586,191.928209150192,0.0462786092620161,0.0878277102950662,0.0435423799799006,0.0775120869244268
1000,"FCI","MNAR",0.5,196.217599999999,0.534013490133055,0.756078304009339,0.622799653648632,0.816502186847014,166.559882143328,0.0361386667048001,0.113120755783394,0.0530189209614738,0.0753952082064914
1000,"FCI","oracle",0.1,15.3582000000009,0.569388604085972,0.809272437203472,0.667190617449688,0.764755010186045,13.4971652809826,0.0321621212183805,0.0863483871548466,0.0447751421711619,0.0730521141781583
1000,"FCI","oracle",0.2,15.3015000000007,0.569388604085972,0.809272437203472,0.667190617449688,0.764755010186045,13.4910357171805,0.0321621212183805,0.0863483871548466,0.0447751421711619,0.0730521141781583
1000,"FCI","oracle",0.3,15.3429999999993,0.569388604085972,0.809272437203472,0.667190617449688,0.764755010186045,13.5113879540351,0.0321621212183805,0.0863483871548466,0.0447751421711619,0.0730521141781583
1000,"FCI","oracle",0.4,15.3017999999975,0.569388604085972,0.809272437203472,0.667190617449688,0.764755010186045,13.4808922042341,0.0321621212183805,0.0863483871548466,0.0447751421711619,0.0730521141781583
1000,"FCI","oracle",0.5,15.3479000000021,0.569388604085972,0.809272437203472,0.667190617449688,0.764755010186045,13.4919392185764,0.0321621212183805,0.0863483871548466,0.0447751421711619,0.0730521141781583
1000,"GES","MAR",0.1,0.0129000000008091,0.692553339493221,0.758368686558342,0.723026046083628,0.471577887784784,0.00344641520792939,0.149145184185909,0.134666034406949,0.140990746491641,0.223115809881003
1000,"GES","MAR",0.2,0.0124000000017986,0.647077947038608,0.713210731745215,0.678214982765341,0.548676529538598,0.00222111083270051,0.120095191864819,0.121094294434418,0.120059575064554,0.175059025148675
1000,"GES","MAR",0.3,0.0104999999995925,0.508920454545455,0.53222824059031,0.517717890039404,0.82584076428904,0.00164991582224726,0.137787102758627,0.109249535859479,0.120116643851907,0.247741186463146
1000,"GES","MAR",0.4,0.0111999999986438,0.348835238441563,0.38354939251491,0.358500488176676,1.20960570339881,0.00193218356822586,0.110487095525564,0.0631745881685308,0.0807919640286677,0.42462208843459
1000,"GES","MAR",0.5,0.015500000002794,0.246225040045255,0.352176991487336,0.280830212192778,1.6604201744719,0.00675359986284821,0.105115801300179,0.112532842411333,0.101088503217477,0.717975602876707
1000,"GES","MCAR",0.1,0.0139999999999418,0.668192129881261,0.722279925469581,0.691860516336303,0.529127200075476,0.00575422550298077,0.206528171865643,0.161902086363986,0.185444308320771,0.314420191214117
1000,"GES","MCAR",0.2,0.0126999999993131,0.636948569297924,0.672602435619677,0.651978018846703,0.588705019739503,0.00485455112753311,0.109901692502025,0.102876032541399,0.0970575085831936,0.148126467570148
1000,"GES","MCAR",0.3,0.0114000000008673,0.440882048747986,0.48907277019346,0.460587705068911,0.973771556961212,0.00222111083139018,0.102331913733387,0.126328833914623,0.104401214793234,0.166723853197014
1000,"GES","MCAR",0.4,0.0174000000013621,0.178475042466003,0.346469796124969,0.227163143325361,2.13671920809852,0.00488080139308286,0.0781230064889928,0.130413141944889,0.08148469276404,0.753426475224016
1000,"GES","MCAR",0.5,0.0154999999969732,NA,NA,NA,NA,0.0096522881575266,NA,NA,NA,NA
1000,"GES","MNAR",0.1,0.0125999999982014,0.673406539331008,0.757474153163808,0.709110831544321,0.501199386975249,0.00419523539230198,0.171426098670147,0.142323550212778,0.152267395024084,0.283878029033645
1000,"GES","MNAR",0.2,0.0115000000005239,0.591483794322504,0.61876067729516,0.602119989965098,0.654952765728628,0.00263523138531434,0.167963864081403,0.13448605844285,0.147668814924411,0.249452220407721
1000,"GES","MNAR",0.3,0.0109000000011292,0.495455348396525,0.513462977428495,0.501885854905972,0.841117698445285,0.00137032032018694,0.0718353758930061,0.120263971578147,0.0844995181741116,0.111313941067373
1000,"GES","MNAR",0.4,0.0113999999986845,0.343643221446306,0.380315487039625,0.358955178130508,1.1747445787101,0.00183787316468052,0.093108718629935,0.0944304696612819,0.08918426204517,0.213422749999007
1000,"GES","MNAR",0.5,0.0157999999995809,0.188929844335321,0.334489863972623,0.230687031462011,2.01551693827556,0.0032249031039874,0.0925507773830487,0.149522835704508,0.0905986602881994,0.843516952723772
1000,"GES","oracle",0.1,0.0141999999999825,0.748302458784005,0.830585103516138,0.784719901693025,0.384816803782321,0.00364539283145137,0.189245393794631,0.150826535182271,0.169528709632513,0.314930269928444
1000,"GES","oracle",0.2,0.0135000000009313,0.748302458784005,0.830585103516138,0.784719901693025,0.384816803782321,0.00383695481043326,0.189245393794631,0.150826535182271,0.169528709632513,0.314930269928444
1000,"GES","oracle",0.3,0.0134999999994761,0.748302458784005,0.830585103516138,0.784719901693025,0.384816803782321,0.00400693842597645,0.189245393794631,0.150826535182271,0.169528709632513,0.314930269928444
1000,"GES","oracle",0.4,0.0135999999991327,0.748302458784005,0.830585103516138,0.784719901693025,0.384816803782321,0.00397771570201199,0.189245393794631,0.150826535182271,0.169528709632513,0.314930269928444
1000,"GES","oracle",0.5,0.0137000000031549,0.748302458784005,0.830585103516138,0.784719901693025,0.384816803782321,0.00380204623275796,0.189245393794631,0.150826535182271,0.169528709632513,0.314930269928444
1000,"GS","MAR",0.1,0.134399999999005,0.813004331706157,0.854352379524793,0.829604278344921,0.273473797611729,0.0602314056144018,0.0680015835081665,0.0894180424642923,0.0527979672603701,0.0947581359596876
1000,"GS","MAR",0.2,0.115999999999622,0.76071845154654,0.805257065601893,0.780080042310809,0.364313148795907,0.0353207524769788,0.092755428813183,0.0814159800584953,0.0768394767059462,0.121655340086058
1000,"GS","MAR",0.3,0.102500000000873,0.767520381445716,0.757273890291132,0.755929093450413,0.369238290962429,0.0275650745214247,0.0889846022500161,0.1391735495103,0.0951104732142136,0.116649265930392
1000,"GS","MAR",0.4,0.0942999999999301,0.730543229259496,0.668909599513048,0.694004515001453,0.446643263281194,0.0184032002041274,0.119700691562889,0.146171152563534,0.119853600730356,0.148538199424702
1000,"GS","MAR",0.5,0.0897000000011758,0.747087725889335,0.693685661961524,0.716594408987985,0.420651909445013,0.0188092766716556,0.0540319389701088,0.125501755071161,0.0851300718522382,0.135471762009043
1000,"GS","MCAR",0.1,0.151600000001781,0.804436705998458,0.833791551463965,0.816065730412043,0.297780152176704,0.0916711514062713,0.0877837618203195,0.0962050611302017,0.0768933497881298,0.117520269091793
1000,"GS","MCAR",0.2,0.120699999999488,0.834814812233728,0.838980531739152,0.836332428525841,0.27047858763376,0.0470603631296422,0.073884309064768,0.0542787415000848,0.0603330205245822,0.0929083190038248
1000,"GS","MCAR",0.3,0.116300000000047,0.765293805176652,0.757963630808458,0.76060153596205,0.355485872468631,0.0520214699281836,0.117227015996273,0.0886328208295758,0.100646002269263,0.154433764379787
1000,"GS","MCAR",0.4,0.0894999999996799,0.799809080867798,0.690880341311376,0.738959192756035,0.382080001648967,0.0210778978491717,0.0960541259043021,0.102029928823129,0.0912184445018766,0.151197213322677
1000,"GS","MCAR",0.5,0.0827000000004773,0.761924772085776,0.648664211681453,0.69953773235016,0.457291616429547,0.0195791839536433,0.0807054944414239,0.0750538427815759,0.0717145488229751,0.115428479375687
1000,"GS","MNAR",0.1,0.133499999999185,0.769286116725141,0.824879365224193,0.793684556249956,0.321563095959648,0.0514851650690942,0.0931213406255585,0.10743046866376,0.0881943381730461,0.126333442800472
1000,"GS","MNAR",0.2,0.116899999998714,0.789547181737335,0.770204015462636,0.776455399918147,0.334243146053491,0.0346007385916904,0.108551068725222,0.119717239345794,0.10380313644446,0.134937161107051
1000,"GS","MNAR",0.3,0.106599999999889,0.736373524477542,0.70509363811088,0.718236417432799,0.408954630851183,0.0409042241753046,0.13077440177261,0.138291898700902,0.129327527270719,0.144962897930434
1000,"GS","MNAR",0.4,0.0966999999996915,0.776696245963487,0.737974000991242,0.753938453388517,0.394137880862019,0.0322250765026986,0.107996185883257,0.0866776398274385,0.0835377095760245,0.145517762339368
1000,"GS","MNAR",0.5,0.0863000000012107,0.754419529952612,0.654810020413469,0.700252559188583,0.433546265270403,0.01948247075082,0.101475359390822,0.0942640375364596,0.0942482654610915,0.122753700715859
1000,"GS","oracle",0.1,0.104499999999098,0.868644897515865,0.836128751387372,0.847019909586941,0.233624410434755,0.0253124914268726,0.0728263631125504,0.0990512164929663,0.0536090114721576,0.0763502708447933
1000,"GS","oracle",0.2,0.0946000000003551,0.868644897515865,0.836128751387372,0.847019909586941,0.233624410434755,0.0292961886037294,0.0728263631125504,0.0990512164929663,0.0536090114721576,0.0763502708447933
1000,"GS","oracle",0.3,0.0947000000014668,0.868644897515865,0.836128751387372,0.847019909586941,0.233624410434755,0.0291244456320807,0.0728263631125504,0.0990512164929663,0.0536090114721576,0.0763502708447933
1000,"GS","oracle",0.4,0.0937000000012631,0.868644897515865,0.836128751387372,0.847019909586941,0.233624410434755,0.0285347741063413,0.0728263631125504,0.0990512164929663,0.0536090114721576,0.0763502708447933
1000,"GS","oracle",0.5,0.0959000000031665,0.868644897515865,0.836128751387372,0.847019909586941,0.233624410434755,0.0298233689133817,0.0728263631125504,0.0990512164929663,0.0536090114721576,0.0763502708447933
1000,"HC","MAR",0.1,0.261400000000867,0.145205858529019,0.749889033251102,0.242603695644707,4.34075313420141,0.0277296471900699,0.0274377753521516,0.101210239086111,0.0414639567828722,0.721250834084543
1000,"HC","MAR",0.2,0.173799999999028,0.147179071318367,0.697336305870789,0.242334023828986,4.09506827618897,0.0166919807758381,0.023256976442669,0.0761371985791185,0.0335960262657197,0.716558279573911
1000,"HC","MAR",0.3,0.131199999999808,0.147570324050442,0.682543920302541,0.24207454699771,3.97971471988713,0.0150687314226742,0.0290390934379332,0.120908424583211,0.0452752804185858,0.651092376731214
1000,"HC","MAR",0.4,0.106999999999971,0.139821138336858,0.643128721749411,0.228873714603485,4.03757840766461,0.0057348835125301,0.0292514120780244,0.0809477179827956,0.0431469339695866,0.760109497710237
1000,"HC","MAR",0.5,0.099199999999837,0.145453912743926,0.643209679157955,0.236673783913886,3.89215331189469,0.0114290079301186,0.0234496895206519,0.0496359934878456,0.0340318338468987,0.786223689868293
1000,"HC","MCAR",0.1,0.24939999999915,0.144698542890744,0.732303735407184,0.241100372575913,4.36531853540474,0.0258465557559543,0.0233381102431711,0.0649727592927654,0.0343671353634236,0.740402580852748
1000,"HC","MCAR",0.2,0.165099999999074,0.146492134449519,0.714271327460983,0.242165502672541,4.20500286319252,0.0204583587917724,0.0238593056906937,0.115071290652777,0.0364443579353771,0.859447981604722
1000,"HC","MCAR",0.3,0.123300000001473,0.149432531880457,0.713117223462051,0.246629791789324,4.03024222412153,0.0133337499933414,0.0222845213491531,0.12246290500233,0.0361869900794505,0.571145531599521
1000,"HC","MCAR",0.4,0.0986999999986438,0.143847534833421,0.664859497962946,0.235439154020454,4.00575505601368,0.0115571045984845,0.0298724217138354,0.153950212951621,0.0467119006755619,0.674300797208897
1000,"HC","MCAR",0.5,0.0895000000018626,0.144918819716138,0.647357268391751,0.235927474363348,3.81980449290794,0.01112804265853,0.0246355826974616,0.108526305046931,0.0368306563525927,0.624372267349222
1000,"HC","MNAR",0.1,0.250200000000768,0.145909460527453,0.741580312097553,0.242885767518471,4.29241241542966,0.0242202853445182,0.0286744455586539,0.104042246293768,0.0425290636040454,0.822748661615615
1000,"HC","MNAR",0.2,0.174400000000605,0.157249160382116,0.748455279317348,0.259127771272394,4.02900416452141,0.0272649551222934,0.0322682010130394,0.113833829060095,0.0489908005120413,0.817218130670306
1000,"HC","MNAR",0.3,0.136700000001292,0.156561857155407,0.720071545674994,0.256054278075209,4.01493513114203,0.0158328070068158,0.0190146051911839,0.0785642556529954,0.0246983680724059,0.780584825157625
1000,"HC","MNAR",0.4,0.114900000001217,0.144247481760517,0.677246175694452,0.2372098534375,4.06236342357032,0.0100160981578802,0.0200993152401485,0.0707819204383985,0.0292924957732553,0.67041449831476
1000,"HC","MNAR",0.5,0.102399999999034,0.144067698183986,0.641570287690977,0.234429057176999,3.91143370789923,0.0137453022317094,0.0223317482069534,0.111933331048753,0.0342734898597071,0.689578379977563
1000,"HC","oracle",0.1,0.0423000000002503,0.741316731387941,0.82736545529649,0.779425339976741,0.372448608655505,0.0194425078409084,0.212931218139412,0.172199019289451,0.193154056069331,0.31514548567229
1000,"HC","oracle",0.2,0.0389999999992142,0.741316731387941,0.82736545529649,0.779425339976741,0.372448608655505,0.0165596564630883,0.212931218139412,0.172199019289451,0.193154056069331,0.31514548567229
1000,"HC","oracle",0.3,0.0408000000003085,0.741316731387941,0.82736545529649,0.779425339976741,0.372448608655505,0.0183412104275914,0.212931218139412,0.172199019289451,0.193154056069331,0.31514548567229
1000,"HC","oracle",0.4,0.0387999999984459,0.741316731387941,0.82736545529649,0.779425339976741,0.372448608655505,0.0178562158488523,0.212931218139412,0.172199019289451,0.193154056069331,0.31514548567229
1000,"HC","oracle",0.5,0.0354999999995925,0.741316731387941,0.82736545529649,0.779425339976741,0.372448608655505,0.0131592806268566,0.212931218139412,0.172199019289451,0.193154056069331,0.31514548567229
1000,"MMHC","MAR",0.1,0.0367000000012922,0.849509186303541,0.789837867941316,0.817539568252016,0.270683972494317,0.0134251008676751,0.0690774213422707,0.098887280791436,0.0810338184180941,0.109516973897158
1000,"MMHC","MAR",0.2,0.0406999999999243,0.834490910163348,0.747027552803415,0.784854072368566,0.319557621109345,0.0195564709367219,0.0477305929186598,0.0887959498097589,0.0507227962081188,0.0533040775490972
1000,"MMHC","MAR",0.3,0.0375000000014552,0.861967604357645,0.745172173275622,0.794998172881721,0.30136619541792,0.0117874698056454,0.0781689147613131,0.111940448651504,0.0818587328846362,0.0893221520146397
1000,"MMHC","MAR",0.4,0.0422999999987951,0.823255937199208,0.709874910219738,0.760428916361979,0.347548499445051,0.0203800010909179,0.0976298244675261,0.122866264364015,0.105555768162598,0.116890117208497
1000,"MMHC","MAR",0.5,0.0396000000007916,0.824023769084489,0.689717373079442,0.74676446359553,0.378087137052654,0.0167941788867012,0.0703319838506394,0.106031518402162,0.0769390855229633,0.0832227685154722
1000,"MMHC","MCAR",0.1,0.03519999999844,0.815552590771134,0.761754639427053,0.785159207168427,0.326950531347083,0.0140617685007135,0.0588497050953254,0.126005686213185,0.0890254821020971,0.0881246295709329
1000,"MMHC","MCAR",0.2,0.0363999999986845,0.848249990902619,0.760953154229016,0.799174591234975,0.305745794797519,0.0137937183777856,0.0672663001375807,0.0993167311289086,0.0702087246921181,0.0772214018349252
1000,"MMHC","MCAR",0.3,0.0379000000000815,0.831337669560695,0.751802369474783,0.786676226678692,0.317337736820495,0.0110498868756555,0.123328629913854,0.148736406180207,0.12926330163327,0.168276218477377
1000,"MMHC","MCAR",0.4,0.03889999999883,0.823299250784234,0.712080057769713,0.761731888261367,0.350366454763006,0.0117421368501514,0.0822578085236343,0.105235897201779,0.0886256174075104,0.0994902708522963
1000,"MMHC","MCAR",0.5,0.0362999999983003,0.803323770972098,0.690975083992325,0.740822158491756,0.39094859525894,0.010729502420519,0.0891022699568092,0.11167595619649,0.0978683279595421,0.116899019759916
1000,"MMHC","MNAR",0.1,0.0349999999991269,0.838637941719536,0.76885718196063,0.801031312034317,0.290446049756395,0.0108627804919248,0.0898328835294813,0.121676040168236,0.104189356819242,0.137458517045601
1000,"MMHC","MNAR",0.2,0.0386999999995169,0.879774961597542,0.77150031468997,0.82020170100305,0.275639859777791,0.0158257876742789,0.0847497453451022,0.0990150643883457,0.0843403851446121,0.106011329322412
1000,"MMHC","MNAR",0.3,0.0370000000009895,0.851559325647307,0.747227385072213,0.793061548983259,0.316443873254218,0.012119772643067,0.0911684102770156,0.103738683924566,0.084776035587047,0.114814773087395
1000,"MMHC","MNAR",0.4,0.0398999999997613,0.811797872980437,0.723402078660699,0.759791100381392,0.358968640865193,0.0155952271896236,0.0682412472524625,0.124698740921637,0.0803726526445683,0.0980333891753387
1000,"MMHC","MNAR",0.5,0.0391999999992549,0.829662935630678,0.692325415859899,0.752730272164258,0.367448248655145,0.0134395767096578,0.090142815999809,0.117381131040601,0.102394405722743,0.131295870937475
1000,"MMHC","oracle",0.1,0.0334999999999127,0.87467812026683,0.795570873674322,0.832123616364015,0.246663813560365,0.0125896783132145,0.0619452182538907,0.10060621987293,0.0802324517174799,0.104981103249903
1000,"MMHC","oracle",0.2,0.0318999999988591,0.87467812026683,0.795570873674322,0.832123616364015,0.246663813560365,0.009926955447967,0.0619452182538907,0.10060621987293,0.0802324517174799,0.104981103249903
1000,"MMHC","oracle",0.3,0.0317999999992026,0.87467812026683,0.795570873674322,0.832123616364015,0.246663813560365,0.0131639237655238,0.0619452182538907,0.10060621987293,0.0802324517174799,0.104981103249903
1000,"MMHC","oracle",0.4,0.0333999999988009,0.87467812026683,0.795570873674322,0.832123616364015,0.246663813560365,0.012011105973973,0.0619452182538907,0.10060621987293,0.0802324517174799,0.104981103249903
1000,"MMHC","oracle",0.5,0.0314000000013039,0.87467812026683,0.795570873674322,0.832123616364015,0.246663813560365,0.00951256479328551,0.0619452182538907,0.10060621987293,0.0802324517174799,0.104981103249903
1000,"PC","MAR",0.1,0.0377000000022235,0.900353073539898,0.800541513213927,0.844510814169355,0.256315113125458,0.0234570529547483,0.0661337690151812,0.0844341754882958,0.0568412771026737,0.0858906586988754
1000,"PC","MAR",0.2,0.0407999999988533,0.868862969377021,0.812327805000219,0.83671025016104,0.284430968741314,0.0242569577642881,0.0739039193439434,0.0874816980021782,0.062441304655744,0.108255885785485
1000,"PC","MAR",0.3,0.0444999999992433,0.856214618714619,0.788901626746454,0.817002164270665,0.309982601534326,0.0216807646447105,0.0616697073998718,0.0766989964239678,0.0346899210412979,0.0704801207951349
1000,"PC","MAR",0.4,0.0439999999995052,0.796021395400265,0.783438073782901,0.786253972403344,0.356526290578015,0.0234520787994481,0.0770737878437742,0.106984224252456,0.0731178016103219,0.111978444346022
1000,"PC","MAR",0.5,0.0513999999981024,0.750179892324856,0.782119000136241,0.762477702806454,0.418480179600869,0.0248873015339179,0.058974750855513,0.0734108447340562,0.0393581306901303,0.0801578332985444
1000,"PC","MCAR",0.1,0.0384999999987485,0.884402377043506,0.791218358890773,0.831856718007247,0.277200859097411,0.0216448608203376,0.0438946693421265,0.081993293113904,0.0389029636713142,0.0415350853708883
1000,"PC","MCAR",0.2,0.0386999999987893,0.853027663790767,0.794192156864571,0.819810201312716,0.294662343972689,0.0200280359036144,0.0438005468389247,0.0793109685429272,0.0422451688542109,0.0446897847941904
1000,"PC","MCAR",0.3,0.0400999999983469,0.847524813895782,0.792536462708876,0.816189526056441,0.306956011266356,0.0208989632927908,0.0456471415782614,0.0828174383910237,0.0441468000907596,0.0472426168102968
1000,"PC","MCAR",0.4,0.0597000000008848,0.773076638213555,0.779504229849057,0.771009824742514,0.40997463368153,0.0197205476611668,0.0878367790650176,0.0685829484851,0.0464130982496483,0.107210893539101
1000,"PC","MCAR",0.5,0.0536999999996624,0.752930566695488,0.771645642076677,0.759372793803363,0.440977302184199,0.0249935547239888,0.076678181300669,0.0734038206357384,0.0587189700657866,0.122690051701573
1000,"PC","MNAR",0.1,0.0382000000005064,0.881707367453335,0.802522485281106,0.837692164231424,0.26356229795885,0.0226313450290335,0.0520413319915668,0.0696069599241031,0.0397916531091313,0.0789056243380744
1000,"PC","MNAR",0.2,0.039500000001135,0.873169432995629,0.800495403167817,0.833184408422167,0.278439467749813,0.0206841324053814,0.0384894826186443,0.0839040991951148,0.0522701488817496,0.0723694217620527
1000,"PC","MNAR",0.3,0.046100000001752,0.851465174501391,0.786688849361263,0.814812040582743,0.317959914684053,0.0255536472708649,0.0428942116624255,0.0898818392688191,0.051475496593931,0.0734664393849466
1000,"PC","MNAR",0.4,0.0466999999996915,0.800576689457145,0.779678879937501,0.786556504039165,0.359604983656708,0.0200502147392214,0.0728706899418065,0.0743741007483632,0.0487801467722093,0.102496495586128
1000,"PC","MNAR",0.5,0.0554000000003725,0.738888790892187,0.758634993979822,0.744988515112525,0.434238963376894,0.028998850551345,0.0853677263053936,0.100800544067403,0.0754997229439106,0.127795612409715
1000,"PC","oracle",0.1,0.0426000000021304,0.907831661602689,0.806101358773773,0.85170712725089,0.245041374437926,0.0232723011328402,0.0504122644196208,0.0810057456312598,0.0528152299764669,0.0785676478620206
1000,"PC","oracle",0.2,0.037599999998929,0.907831661602689,0.806101358773773,0.85170712725089,0.245041374437926,0.0238802568389455,0.0504122644196208,0.0810057456312598,0.0528152299764669,0.0785676478620206
1000,"PC","oracle",0.3,0.0370000000009895,0.907831661602689,0.806101358773773,0.85170712725089,0.245041374437926,0.0227009544574618,0.0504122644196208,0.0810057456312598,0.0528152299764669,0.0785676478620206
1000,"PC","oracle",0.4,0.0380000000019209,0.907831661602689,0.806101358773773,0.85170712725089,0.245041374437926,0.0230747577324745,0.0504122644196208,0.0810057456312598,0.0528152299764669,0.0785676478620206
1000,"PC","oracle",0.5,0.0362000000008266,0.907831661602689,0.806101358773773,0.85170712725089,0.245041374437926,0.0230689786899778,0.0504122644196208,0.0810057456312598,0.0528152299764669,0.0785676478620206
1000,"RSMAX2","MAR",0.1,0.219699999999284,0.831289994921294,0.792615645719094,0.810150967790927,0.285520952331297,0.202368228733024,0.0840633552246341,0.101313179895524,0.0877705984750918,0.12225805846312
1000,"RSMAX2","MAR",0.2,0.423399999999674,0.754048773398296,0.736891102580758,0.741418887847175,0.38850247531282,0.42357452446726,0.0500007173106834,0.106200266834132,0.0604315618772385,0.099146050554191
1000,"RSMAX2","MAR",0.3,0.431099999999424,0.761579813987735,0.746052959156407,0.752444777324022,0.397452774004498,0.379080891398241,0.0506814238133627,0.0752082531645088,0.0547232699452849,0.0718725415601152
1000,"RSMAX2","MAR",0.4,0.348100000000704,0.749861462809265,0.70746085539189,0.726417204569398,0.435554187192118,0.296535345465143,0.126150982046681,0.111631722425798,0.113762062835098,0.159676495116521
1000,"RSMAX2","MAR",0.5,0.348700000002282,0.778919257868811,0.708099903875766,0.740802073895661,0.401830098554236,0.334390008490439,0.0686173760144428,0.102538554704646,0.0846647684295231,0.126132520388301
1000,"RSMAX2","MCAR",0.1,0.375099999998929,0.784577581614878,0.779589259761674,0.780025804083112,0.354748706559051,0.38621739704179,0.0947439852807133,0.120071061972106,0.0997108095153676,0.129767606268564
1000,"RSMAX2","MCAR",0.2,0.423400000001129,0.78309711317384,0.756942927632583,0.76904052210287,0.357396959207304,0.382792139706535,0.100927220674833,0.121069161903087,0.10867688681903,0.140688156826562
1000,"RSMAX2","MCAR",0.3,0.457000000000699,0.766389996259416,0.775344985603606,0.768017655564627,0.384904189214534,0.378643485206497,0.133984659912578,0.112259005901687,0.113021735735615,0.174061254190767
1000,"RSMAX2","MCAR",0.4,0.363600000001315,0.750945156683854,0.705961014236876,0.725379540542328,0.427373939098077,0.314597873834391,0.123124778290305,0.112671297735968,0.108863058102487,0.154411456991792
1000,"RSMAX2","MCAR",0.5,0.284400000001187,0.75948304448123,0.686903392765462,0.719633298790823,0.429991901543626,0.238593191669176,0.0888660372254881,0.0776099676794662,0.0715352938561914,0.0974758834402457
1000,"RSMAX2","MNAR",0.1,0.377400000000489,0.777052781084953,0.782580253183702,0.778445138817304,0.354790549100894,0.352596149218917,0.069684870255154,0.106400618712789,0.0811026587046458,0.114021443994283
1000,"RSMAX2","MNAR",0.2,0.469299999999203,0.792157731112336,0.765128433231882,0.775541786580866,0.359887109111247,0.406926706477099,0.0731365543955134,0.0945324577238072,0.0699176723402714,0.0905407463038005
1000,"RSMAX2","MNAR",0.3,0.442599999999948,0.758787990389624,0.7369842723291,0.745660191120709,0.411398330622469,0.418091218117023,0.102005796159854,0.106550165972428,0.0943995013362734,0.137735822674323
1000,"RSMAX2","MNAR",0.4,0.429400000000169,0.75559779308984,0.73953856979719,0.741992218704799,0.417110916421261,0.410774931615451,0.0853325636777096,0.121998527954242,0.0841781688484562,0.134845604736952
1000,"RSMAX2","MNAR",0.5,0.310200000002806,0.775865163675255,0.704454570489053,0.736938595231922,0.408922182715286,0.272344471414975,0.118462499083107,0.107375704402607,0.107331885018438,0.15888974713758
1000,"RSMAX2","oracle",0.1,0.0495000000002619,0.874441945151623,0.790165468268917,0.82886799684241,0.254633321529873,0.0119559376243109,0.0566804904837567,0.0975522499512933,0.0750596786803836,0.102321901965359
1000,"RSMAX2","oracle",0.2,0.0482000000018161,0.874441945151623,0.790165468268917,0.82886799684241,0.254633321529873,0.0139427400462997,0.0566804904837567,0.0975522499512933,0.0750596786803836,0.102321901965359
1000,"RSMAX2","oracle",0.3,0.0487999999997555,0.874441945151623,0.790165468268917,0.82886799684241,0.254633321529873,0.0133649624833796,0.0566804904837567,0.0975522499512933,0.0750596786803836,0.102321901965359
1000,"RSMAX2","oracle",0.4,0.0471999999994296,0.874441945151623,0.790165468268917,0.82886799684241,0.254633321529873,0.0141562706938815,0.0566804904837567,0.0975522499512933,0.0750596786803836,0.102321901965359
1000,"RSMAX2","oracle",0.5,0.0501000000018394,0.874441945151623,0.790165468268917,0.82886799684241,0.254633321529873,0.0142630057604236,0.0566804904837567,0.0975522499512933,0.0750596786803836,0.102321901965359
